Spanish with frequency,Spanish,English
de 14459521,de ,of
que 14421005,que ,that
no 12379505,no ,no
a 9549646,a ,a
la 9125471,la ,the
el 7531226,el ,he
y 7128745,y ,and
es 6993497,es ,is
en 6817324,en ,in
lo 6041793,lo ,it
un 5605577,un ,a
por 4454673,por ,for
qué 4166708,qué ,what
me 3927712,me ,I
una 3846322,una ,a
los 3069193,los ,the
se 3058120,se ,HE
te 3034375,te ,tea
con 3028045,con ,with
para 2832100,para ,for
está 2433246,está ,this
mi 2403204,mi ,my
pero 2369484,pero ,but
sí 2350514,sí ,Yeah
si 2348665,si ,Yeah
bien 2045290,bien ,all right
eso 2029720,eso ,that
su 2005512,su ,his
las 2001203,las ,the
yo 1915934,yo ,I
del 1647872,del ,of
como 1630651,como ,What
aquí 1625090,aquí ,here
tu 1618746,tu ,you
al 1549489,al ,to the
más 1503527,más ,further
le 1432173,le ,you
esto 1297847,esto ,this
todo 1296897,todo ,everything
ya 1115265,ya ,Already
estoy 1092574,estoy ,I'm
ahora 1088174,ahora ,now
muy 1086248,muy ,very
ha 1071928,ha ,ha
esta 1051900,esta ,is
así 1050332,así ,So
vamos 1049315,vamos ,come on
algo 1039192,algo ,something
hay 1014288,hay ,there are
bueno 1012700,bueno ,Well
tengo 954371,tengo ,I have
él 931487,él ,he
cuando 931329,cuando ,when
estás 917354,estás ,these
sé 911639,sé ,he
tú 906053,tú ,your
nos 866968,nos ,us
nada 863844,nada ,nothing
cómo 862349,cómo ,What
este 858931,este ,East
o 843972,o ,either
he 820376,he ,He
ser 819688,ser ,be
tiene 807065,tiene ,has
puedo 806048,puedo ,I can
ella 800671,ella ,she
quiero 798831,quiero ,want
hacer 794408,hacer ,do
fue 781449,fue ,was
gracias 779503,gracias ,thank you
vez 767227,vez ,time
era 765725,era ,was
soy 745166,soy ,am
sólo 741588,sólo ,only
todos 686692,todos ,everyone
porque 685059,porque ,because
son 671394,son ,They are
tienes 670767,tienes ,have
creo 651433,creo ,believe
voy 639418,voy ,I go
sabes 636739,sabes ,You know
estaba 636659,estaba ,was
puede 631326,puede ,may
eres 630024,eres ,are
ese 624205,ese ,that
usted 618844,usted ,you
entonces 609938,entonces ,then
hola 601523,hola ,hello
solo 590343,solo ,only
verdad 589565,verdad ,TRUE
casa 587832,casa ,house
tan 573916,tan ,so
quién 566465,quién ,who
sus 562087,sus ,their
tiempo 556996,tiempo ,time
dos 556427,dos ,two
esa 553442,esa ,that
nunca 549997,nunca ,never
dónde 539643,dónde ,where
va 535397,va ,goes
oh 532776,oh ,Oh
favor 527629,favor ,favor
mucho 516361,mucho ,much
mí 515655,mí ,my
quieres 515465,quieres ,you want
siento 512907,siento ,I feel
señor 507728,señor ,Sir
mejor 500478,mejor ,better
hace 495352,hace ,does
has 492533,has ,you have
decir 492098,decir ,say
también 488057,también ,too
sobre 478020,sobre ,upon
dios 476939,dios ,God
sin 474770,sin ,without
tenemos 473895,tenemos ,we have
están 471887,están ,are
ti 470358,ti ,you
puedes 463318,puedes ,can
ver 462775,ver ,watch
hombre 460084,hombre ,man
vida 453649,vida ,life
alguien 447141,alguien ,somebody
cosas 424801,cosas ,things
siempre 424363,siempre ,forever
hasta 423321,hasta ,until
ahí 422871,ahí ,there
ir 411198,ir ,go
años 408547,años ,years
antes 405555,antes ,before
estar 402369,estar ,be
ni 401980,ni ,neither
poco 397739,poco ,little bit
día 395131,día ,day
uno 393047,uno ,one
noche 391078,noche ,night
hecho 391011,hecho ,done
mis 385798,mis ,my
estamos 376563,estamos ,we're
otra 368984,otra ,other
acuerdo 367329,acuerdo ,agreement
trabajo 363747,trabajo ,worked
nosotros 357836,nosotros ,us
parece 355615,parece ,seems
gente 354586,gente ,people
sea 352790,sea ,be
padre 351051,padre ,father
mira 349779,mira ,look
mismo 347834,mismo ,same
dijo 342900,dijo ,said
nadie 339772,nadie ,nobody
quiere 332148,quiere ,wants
podría 329332,podría ,could
hablar 327201,hablar ,talk
vas 327127,vas ,you go
ellos 323892,ellos ,they
sr. 321637,sr. ,Mr.
tal 317926,tal ,such
pasa 315529,pasa ,happens
fuera 311571,fuera ,outside
después 311500,después ,after
han 308501,han ,they have
desde 303620,desde ,from
dinero 300518,dinero ,money
mundo 298208,mundo ,world
claro 296584,claro ,Clear
momento 294559,momento ,moment
les 294439,les ,them
tener 292932,tener ,have
estado 292015,estado ,condition
otro 290565,otro ,other
había 289157,había ,there was
mañana 283391,mañana ,morning
tenía 282966,tenía ,I had
madre 281646,madre ,mother
vale 280447,vale ,OK
lugar 280315,lugar ,place
haciendo 278317,haciendo ,doing
donde 277524,donde ,where
seguro 277231,seguro ,sure
sabe 273895,sabe ,knows
podemos 272425,podemos ,can
tus 271677,tus ,your
espera 270741,espera ,wait
nuevo 269895,nuevo ,new
sido 269505,sido ,been
cosa 269054,cosa ,stuff
hijo 267856,hijo ,son
allí 267215,allí ,over there
menos 263837,menos ,less
tipo 262340,tipo ,guy
amigo 258356,amigo ,friend
gran 257648,gran ,great
nuestro 254046,nuestro ,our
mujer 249627,mujer ,women
mamá 247700,mamá ,breast
luego 245811,luego ,then
papá 243251,papá ,dad
días 243003,días ,days
dice 240795,dice ,says
hoy 240395,hoy ,today
tres 239782,tres ,three
buena 238330,buena ,good
necesito 237654,necesito ,need
dije 235936,dije ,said
oye 234324,oye ,hears
gusta 233367,gusta ,like
quería 230602,quería ,wanted
será 230159,será ,will be
haber 229602,haber ,to have
parte 229038,parte ,part
todas 227146,todas ,all
crees 225748,crees ,You believe
buen 224802,buen ,good
conmigo 224527,conmigo ,with me
nombre 222406,nombre ,Name
mierda 221567,mierda ,shit
nuestra 221503,nuestra ,our
mal 220024,mal ,evil
debe 218223,debe ,should
realmente 217847,realmente ,Really
estas 216844,estas ,are
aún 215129,aún ,still
mío 212096,mío ,mine
toda 211746,toda ,all
hacerlo 209901,hacerlo ,do it
cada 209674,cada ,every
visto 206949,visto ,seen
importa 203118,importa ,It matters
contigo 202208,contigo ,with you
tienen 200708,tienen ,have
hemos 200028,hemos ,we have
razón 198832,razón ,reason
alguna 198263,alguna ,some
tanto 197519,tanto ,so much
saber 196610,saber ,know
hizo 196192,hizo ,did
veces 195756,veces ,times
serio 194846,serio ,I laughed
ven 193452,ven ,come
idea 193369,idea ,idea
eh 193299,eh ,Hey
tarde 191883,tarde ,late
problema 189963,problema ,issue
hora 189851,hora ,hour
cierto 189653,cierto ,certain
dicho 187895,dicho ,saying
quien 187133,quien ,who
demasiado 182668,demasiado ,too much
amor 182326,amor ,love
entre 181114,entre ,between
ve 179427,ve ,go
pasado 178763,pasado ,past
familia 177748,familia ,family
estos 176532,estos ,these
policía 175471,policía ,police
debería 175394,debería ,should
ustedes 174241,ustedes ,you
chica 173210,chica ,girl
esos 171237,esos ,those
chicos 170008,chicos ,guys
cuenta 169714,cuenta ,bill
haces 166985,haces ,you do
todavía 166624,todavía ,still
salir 165591,salir ,go out
algún 163790,algún ,some
vaya 162833,vaya ,Oh
unos 162525,unos ,some
veo 162326,veo ,I see
amigos 160684,amigos ,friends
hermano 159678,hermano ,brother
pensé 159438,pensé ,I thought
sabía 156439,sabía ,knew
cabeza 156069,cabeza ,head
ah 156002,ah ,ah
cariño 153353,cariño ,sweetie
digo 153149,digo ,say
van 153024,van ,go
hombres 151647,hombres ,men
buenas 151571,buenas ,hello good
somos 151256,somos ,we are
cualquier 150946,cualquier ,any
forma 150750,forma ,shape
mientras 150383,mientras ,While
lado 149162,lado ,side
debo 148975,debo ,I shall
sería 148309,sería ,would
caso 148273,caso ,case
pueden 148183,pueden ,they can
pasó 145810,pasó ,passed
primera 145110,primera ,first
genial 145028,genial ,cool
chico 145009,chico ,guy
supuesto 144428,supuesto ,supposed
hice 144174,hice ,I made
pues 143870,pues ,well
adiós 143677,adiós ,bye
muchas 143007,muchas ,many
personas 141945,personas ,people
señora 141893,señora ,Ms
volver 141009,volver ,return
esas 140885,esas ,those
quizá 140794,quizá ,Maybe
contra 140485,contra ,against
camino 140092,camino ,road
durante 139987,durante ,during
hablando 139007,hablando ,talking
manera 137722,manera ,manner
muerto 137301,muerto ,dead
persona 136985,persona ,person
rápido 136953,rápido ,Quick
cuál 136406,cuál ,which
ayuda 136155,ayuda ,help
historia 135924,historia ,history
iba 135256,iba ,I was going
supongo 134885,supongo ,i guess
nueva 134490,nueva ,new
entiendo 134138,entiendo ,I get it
dentro 133954,dentro ,inside
casi 133614,casi ,almost
puerta 133533,puerta ,gate
ves 133094,ves ,you see
pasar 131693,pasar ,happen
primero 131298,primero ,first
significa 130774,significa ,it means
semana 130555,semana ,week
hacia 130000,hacia ,toward
quizás 129544,quizás ,maybe
espero 129454,espero ,wait
juntos 129353,juntos ,together
año 128910,año ,year
niños 128856,niños ,children
pronto 128135,pronto ,soon
tío 127895,tío ,uncle
suerte 127246,suerte ,luck
ciudad 126710,ciudad ,city
siquiera 126506,siquiera ,even
feliz 125692,feliz ,happy
venir 124376,venir ,to come
hija 124289,hija ,daughter
gustaría 124196,gustaría ,would like
minutos 123912,minutos ,minutes
cuánto 123138,cuánto ,how much
os 122754,os ,you
hey 122432,hey ,Hey
muerte 122057,muerte ,death
dejar 121779,dejar ,let
realidad 121027,realidad ,reality
deja 120259,deja ,leaves
problemas 120138,problemas ,issues
vi 119856,vi ,saw
da 119199,da ,gives
importante 119177,importante ,important
dijiste 119038,dijiste ,said
corazón 118685,corazón ,heart
miedo 118624,miedo ,fear
jefe 118458,jefe ,boss
agua 117654,agua ,Water
haré 117579,haré ,I will do
justo 117044,justo ,just
horas 116873,horas ,hours
poder 115246,poder ,can
buenos 115064,buenos ,good
esposa 114925,esposa ,wife
manos 114921,manos ,hands
debes 114812,debes ,you must
viene 114395,viene ,comes
venga 114109,venga ,come on
nuestros 114018,nuestros ,our
ojos 113772,ojos ,eyes
adelante 113192,adelante ,forward
encontrar 113028,encontrar ,meet
mano 112665,mano ,hand
cinco 112532,cinco ,five
niño 112512,niño ,child
ninguna 112227,ninguna ,none
otros 112169,otros ,others
cara 111953,cara ,face
cuidado 111524,cuidado ,careful
bajo 111241,bajo ,under
cerca 110690,cerca ,close
viejo 110403,viejo ,old
déjame 109679,déjame ,let me
noches 109592,noches ,nights
bastante 109431,bastante ,pretty
fin 109402,fin ,End
tomar 109183,tomar ,drink
único 108435,único ,only
misma 108033,misma ,same
escucha 107286,escucha ,listens
ningún 107193,ningún ,none
suficiente 107106,suficiente ,enough
punto 106940,punto ,point
cuándo 106920,cuándo ,when
sigue 106764,sigue ,go on
haya 106729,haya ,is
equipo 106584,equipo ,team
grande 106057,grande ,big
necesita 105889,necesita ,needs to
llegar 105719,llegar ,to get
incluso 105304,incluso ,even
algunos 105052,algunos ,some
doctor 104991,doctor ,doctor
difícil 104985,difícil ,difficult
aunque 104655,aunque ,even though
hubiera 104473,hubiera ,had
primer 104138,primer ,first
coche 103946,coche ,car
hago 103901,hago ,I make
clase 103827,clase ,class
cuatro 103805,cuatro ,four
mas 103445,mas ,further
dices 103279,dices ,You say
pequeño 103016,pequeño ,little
llama 102848,llama ,call
toma 102733,toma ,taking
hiciste 102722,hiciste ,did
allá 102642,allá ,there
última 102333,última ,last
arriba 102254,arriba ,above
tierra 102197,tierra ,Earth
guerra 101887,guerra ,war
pensar 101695,pensar ,think
pueda 101487,pueda ,I can
igual 101272,igual ,same
loco 100021,loco ,crazy
sangre 99844,sangre ,blood
mujeres 99536,mujeres ,women
vuelta 99529,vuelta ,lap
fui 99366,fui ,I was
trabajar 99262,trabajar ,work
tenido 99237,tenido ,Dyed
juego 99041,juego ,game
deberías 98960,deberías ,you should
cuerpo 98410,cuerpo ,Body
e 96622,e ,and
algunas 96075,algunas ,some
entrar 95899,entrar ,get in
cree 95859,cree ,Believe
podía 95527,podía ,could
debemos 95445,debemos ,we must
oportunidad 95375,oportunidad ,chance
teléfono 95015,teléfono ,phone
necesitamos 94964,necesitamos ,need
final 94883,final ,final
listo 94769,listo ,clever
fiesta 94739,fiesta ,party
muchos 94250,muchos ,Many
estabas 94097,estabas ,You were
quieren 94018,quieren ,They want
vete 93782,vete ,go away
auto 93654,auto ,car
dar 92706,dar ,give
vivir 92629,vivir ,to live
posible 92449,posible ,possible
ok 92398,ok ,okay
hermana 92291,hermana ,sister
número 92183,número ,number
meses 92062,meses ,months
exactamente 91598,exactamente ,exactly
culpa 91506,culpa ,fault
abajo 91298,abajo ,below
escuela 90725,escuela ,school
ido 90670,ido ,gone
fuerte 90226,fuerte ,strong
diciendo 90048,diciendo ,saying
habla 90023,habla ,speaks
esté 89826,esté ,this
ello 89741,ello ,it
pregunta 89617,pregunta ,ask
chicas 89467,chicas ,girls
eran 89418,eran ,were
unas 89043,unas ,nails
pasando 88887,pasando ,going
atrás 88877,atrás ,back
malo 88555,malo ,bad
capitán 88550,capitán ,captain
sra. 88400,sra. ,mrs
bebé 88307,bebé ,baby
segundo 88232,segundo ,second
sabemos 87714,sabemos ,we know
mayor 87707,mayor ,elderly
comida 87661,comida ,meal
morir 87614,morir ,To die
conozco 87429,conozco ,know
dame 87200,dame ,give to me
fácil 87099,fácil ,easy
comer 86671,comer ,eat
vino 86406,vino ,came
lista 86033,lista ,ready
haga 85884,haga ,make
necesitas 85706,necesitas ,you need
hijos 85020,hijos ,children
probablemente 84911,probablemente ,probably
padres 84855,padres ,parents
habitación 84704,habitación ,room
creer 84624,creer ,believe
pensando 84438,pensando ,thinking
fueron 84181,fueron ,were
dime 84079,dime ,tell me
trata 83906,trata ,treats
buscando 83655,buscando ,searching
tuve 83608,tuve ,I had
tampoco 83595,tampoco ,either
amo 83156,amo ,love
joven 82919,joven ,young
podrías 82328,podrías ,could you
sola 82229,sola ,alone
par 81901,par ,pair
única 81808,única ,only
hacen 81807,hacen ,do
seguir 81723,seguir ,follow up
dr. 81308,dr. ,Dr.
simplemente 80350,simplemente ,simply
dicen 80310,dicen ,They say
medio 80278,medio ,medium
puta 80176,puta ,bitch
saben 79988,saben ,They know
sentido 79686,sentido ,sense
hagas 79398,hagas ,you do
segura 79393,segura ,safe
esperar 79115,esperar ,wait
lejos 79091,lejos ,far
arma 78974,arma ,weapon
alto 78496,alto ,high
pequeña 78191,pequeña ,small
dólares 77319,dólares ,Dollars
seis 77064,seis ,six
estaban 76916,estaban ,were
seguridad 76807,seguridad ,security
maldita 76765,maldita ,damned
estuvo 76639,estuvo ,was
preocupes 76606,preocupes ,worry
palabra 76589,palabra ,word
esperando 76353,esperando ,expecting
queda 76150,queda ,is left over
oficina 75697,oficina ,office
matar 75652,matar ,kill
iré 75521,iré ,I will go
cama 75441,cama ,bed
además 75259,además ,besides
último 75205,último ,last
oído 75123,oído ,ear
habría 74848,habría ,there would be
estará 74836,estará ,will be
dio 74745,dio ,gave
recuerdo 74344,recuerdo ,memory
siendo 74265,siendo ,being
acerca 74051,acerca ,about
tenga 73994,tenga ,have
luz 73886,luz ,light
correcto 73881,correcto ,Right
ud. 73708,ud. ,You.
demonios 73485,demonios ,demons
nuestras 73354,nuestras ,ours
verte 73227,verte ,to see you
dormir 73064,dormir ,to sleep
sitio 73036,sitio ,place
ayudar 72837,ayudar ,help
conseguir 72697,conseguir ,get
di 72555,di ,gave
marido 72210,marido ,husband
paz 72000,paz ,peace
idiota 71856,idiota ,moron
plan 71640,plan ,plan
dado 71249,dado ,given
cuanto 71197,cuanto ,how much
peor 70692,peor ,worse
murió 70466,murió ,died
pueblo 70465,pueblo ,town
vivo 70329,vivo ,alive
venido 70151,venido ,I come
john 69978,john ,John
basta 69973,basta ,Enough
paso 69865,paso ,He passed
deberíamos 69574,deberíamos ,we should
música 69241,música ,music
diga 68941,diga ,Say
minuto 68878,minuto ,minute
anoche 68870,anoche ,last night
llamar 68861,llamar ,call
piensa 68552,piensa ,think
país 68539,país ,country
digas 68227,digas ,you say
rey 67803,rey ,king
perdón 67516,perdón ,sorry
mucha 67426,mucha ,a lot
falta 67152,falta ,lack
pienso 67140,pienso ,I think
diablos 67119,diablos ,Devils
perdido 66882,perdido ,lost
niña 66672,niña ,girl
señorita 66491,señorita ,Miss
diez 66429,diez ,ten
lleva 66407,lleva ,carry
hospital 66316,hospital ,hospital
grandes 66186,grandes ,big
maldito 66025,maldito ,damned
otras 65924,otras ,others
llamado 65650,llamado ,called
hacemos 65535,hacemos ,we make
llevar 65446,llevar ,carry
fuego 65442,fuego ,fire
aqui 65202,aqui ,here
tuvo 65130,tuvo ,had
poner 64740,poner ,put
calle 64675,calle ,street
acaba 64600,acaba ,just
prueba 64593,prueba ,proof
increíble 64527,increíble ,amazing
real 64511,real ,real
libro 64445,libro ,book
orden 64437,orden ,order
semanas 64300,semanas ,weeks
especial 64240,especial ,special
mía 64132,mía ,mine
café 63914,café ,coffee
duro 63800,duro ,Lasted
empezar 63463,empezar ,begin
afuera 63387,afuera ,outside
queremos 63319,queremos ,we want
perro 63070,perro ,dog
cielo 62981,cielo ,darling
jack 62965,jack ,Jack
puesto 62949,puesto ,Market Stall
viaje 62667,viaje ,trip
detrás 62621,detrás ,behind
cuarto 62590,cuarto ,room
querida 62549,querida ,Dear
haría 62547,haría ,would do
preguntas 62505,preguntas ,questions
piensas 62433,piensas ,You think
querido 62425,querido ,my love
libre 62421,libre ,free
buscar 62319,buscar ,look for
cual 62288,cual ,which
diré 62193,diré ,I will say
suena 62170,suena ,it sounds
jugar 62132,jugar ,play
cambio 62106,cambio ,change
película 61985,película ,movie
millones 61876,millones ,millions
habrá 61821,habrá ,there will be
llamada 61791,llamada ,call
resto 61752,resto ,rest
vemos 61545,vemos ,we see
extraño 61249,extraño ,strange
mala 61177,mala ,bad
presidente 61090,presidente ,President
srta. 60636,srta. ,Ms.
irme 60622,irme ,Go
ropa 60542,ropa ,clothing
perder 60378,perder ,to lose
vuelve 60172,vuelve ,returns
agente 60171,agente ,agent
palabras 60090,palabras ,words
información 60090,información ,information
raro 60086,raro ,weird
hará 59965,hará ,will do
entiendes 59914,entiendes ,You understand
éste 59792,éste ,this
trabajando 59674,trabajando ,working
tratando 59643,tratando ,treating
general 59593,general ,general
trato 59469,trato ,deal
usar 59267,usar ,wear
perfecto 59208,perfecto ,perfect
derecho 59164,derecho ,right
modo 59041,modo ,mode
ayer 59013,ayer ,Yesterday
conoces 58941,conoces ,you know
demás 58811,demás ,the rest
quieras 58704,quieras ,You want
podríamos 58548,podríamos ,we could
noticias 58530,noticias ,news
asesino 58507,asesino ,assassin
encontrado 57581,encontrado ,found
control 57479,control ,control
odio 57427,odio ,hatred
frente 57371,frente ,forehead
sexo 57281,sexo ,sex
decirle 57135,decirle ,Tell him
estaré 57085,estaré ,I will be
divertido 56908,divertido ,fun
armas 56785,armas ,weapons
recuerdas 56669,recuerdas ,remember
amiga 56665,amiga ,friend
grupo 56638,grupo ,group
asunto 56622,asunto ,affair
acabo 56586,acabo ,just
mensaje 56126,mensaje ,message
encima 56110,encima ,on
atención 56092,atención ,attention
diferente 56028,diferente ,different
uh 55996,uh ,UH
cállate 55856,cállate ,be quiet
daño 55599,daño ,damage
sucede 55572,sucede ,happens
cambiar 55360,cambiar ,change
siguiente 55300,siguiente ,Next
sino 55136,sino ,otherwise
the 54966,the ,The
seas 54799,seas ,You are
médico 54547,médico ,doctor
boca 54512,boca ,mouth
dejó 54435,dejó ,let
error 54414,error ,mistake
jamás 54158,jamás ,Never
largo 53833,largo ,long
pena 53618,pena ,pain
voz 53574,voz ,voice
futuro 53557,futuro ,future
siente 53518,siente ,Feel
secreto 53504,secreto ,secret
baño 53455,baño ,bathroom
mil 53364,mil ,one thousand
decirte 53207,decirte ,tell you
sam 53082,sam ,Sam
pensaba 53018,pensaba ,thought
novia 52984,novia ,fiancee
propia 52973,propia ,own
sueño 52956,sueño ,dream
haz 52344,haz ,beam
fuerza 52316,fuerza ,force
deben 52297,deben ,They must
supone 52250,supone ,It supposes
estábamos 52003,estábamos ,We were
ambos 51916,ambos ,both of them
ay 51890,ay ,Oh
estuve 51592,estuve ,was
encontré 51507,encontré ,I found
vuelto 51505,vuelto ,turned
dolor 51283,dolor ,pain
dile 51271,dile ,tell him
encanta 51240,encanta ,loves
edad 51163,edad ,age
darle 51120,darle ,give him
pie 51066,pie ,foot
negro 50987,negro ,black
ganar 50970,ganar ,gain
york 50964,york ,York
aire 50788,aire ,air
lamento 50766,lamento ,lament
verlo 50765,verlo ,see him
asesinato 50759,asesinato ,murder
vio 50756,vio ,he saw
adónde 50674,adónde ,where to
llegado 50534,llegado ,arrived
disculpe 50520,disculpe ,excuse me
s 50469,s ,s
cita 50399,cita ,appointment
estaría 50270,estaría ,It would
fuiste 50201,fuiste ,you were
sistema 50050,sistema ,system
gusto 50039,gusto ,taste
pobre 50019,pobre ,poor
negocio 49896,negocio ,business
mente 49842,mente ,mind
tuyo 49799,tuyo ,yours
campo 49614,campo ,field
mire 49575,mire ,Look
situación 49426,situación ,situation
tras 49345,tras ,after
hotel 49177,hotel ,hotel
vosotros 49111,vosotros ,you
funciona 48956,funciona ,works
foto 48915,foto ,Photo
abogado 48914,abogado ,lawyer
loca 48859,loca ,crazy
propio 48844,propio ,own
alrededor 48767,alrededor ,around
próxima 48701,próxima ,next
terminado 48673,terminado ,finished
hablas 48652,hablas ,speak
pagar 48636,pagar ,to pay
mató 48583,mató ,killed
llamo 48473,llamo ,called
personal 48419,personal ,staff
sientes 48410,sientes ,you feel
ocurre 48364,ocurre ,occurs
ésta 48338,ésta ,is
recuerda 48335,recuerda ,remember
mitad 48317,mitad ,half
quiera 48299,quiera ,want
pelo 48293,pelo ,hair
tenías 48183,tenías ,You had
viste 47962,viste ,dresses
oficial 47960,oficial ,official
llegó 47852,llegó ,arrive
compañía 47842,compañía ,company
relación 47824,relación ,relationship
conoce 47688,conoce ,known
pase 47622,pase ,happens
montón 47610,montón ,lot
mejores 47509,mejores ,top
creí 47494,creí ,I believed
cena 47357,cena ,Dinner
sentir 47337,sentir ,to feel
través 47295,través ,through
accidente 47117,accidente ,accident
i 46981,i ,Yo
ellas 46892,ellas ,they
caja 46635,caja ,cash register
tranquilo 46587,tranquilo ,don't worry
bonito 46554,bonito ,pretty
eras 46544,eras ,ages
asi 46535,asi ,So
pudo 46533,pudo ,could
vive 46462,vive ,it lives
vista 46461,vista ,sight
estúpido 46441,estúpido ,idiot
línea 46341,línea ,line
caballeros 46158,caballeros ,gentlemen
haremos 46119,haremos ,will
dan 46063,dan ,give
quédate 46054,quédate ,stay
tienda 45913,tienda ,store
comprar 45899,comprar ,buy
entendido 45877,entendido ,understood
centro 45864,centro ,hub
salvo 45755,salvo ,except
mes 45648,mes ,month
joe 45615,joe ,Joe
sol 45567,sol ,sun
tonto 45479,tonto ,silly
hambre 45455,hambre ,hunger
michael 45411,michael ,Michael
mesa 45409,mesa ,desk
respuesta 45345,respuesta ,answer
completamente 45342,completamente ,completely
david 45220,david ,David
carta 45152,carta ,letter
totalmente 45016,totalmente ,completely
imposible 44898,imposible ,impossible
pruebas 44861,pruebas ,testing
novio 44832,novio ,boyfriend
normal 44793,normal ,normal
gustan 44761,gustan ,like
frank 44615,frank ,Frank
pude 44614,pude ,could
charlie 44589,charlie ,Charlie
traje 44234,traje ,costume
dirección 44229,dirección ,address
siete 44169,siete ,seven
dijeron 44151,dijeron ,They said
placer 44038,placer ,pleasure
sean 43979,sean ,Sean
tendrá 43656,tendrá ,will have
barco 43597,barco ,boat
blanco 43530,blanco ,white
tom 43467,tom ,Tom
profesor 43370,profesor ,teacher
servicio 43358,servicio ,service
muchacho 43295,muchacho ,young guy
reunión 43217,reunión ,meeting
dejado 43162,dejado ,left
ley 43043,ley ,law
quisiera 42974,quisiera ,I'd like
hubo 42830,hubo ,there was
george 42765,george ,George
programa 42763,programa ,Program
carrera 42759,carrera ,career
cumpleaños 42596,cumpleaños ,birthday
muchachos 42571,muchachos ,boys
culo 42470,culo ,ass
canción 42468,canción ,song
hermosa 42438,hermosa ,beautiful
universidad 42412,universidad ,college
boda 42403,boda ,wedding
decirme 42378,decirme ,Tell me
cualquiera 42369,cualquiera ,any
tengas 42271,tengas ,Have
hacía 42256,hacía ,toward
estés 42240,estés ,be
sala 42122,sala ,hall
llevo 42084,llevo ,wear
decisión 42011,decisión ,decision
espere 42008,espere ,Wait
don 41978,don ,Don
necesario 41752,necesario ,necessary
sal 41725,sal ,Salt
entra 41706,entra ,enters
prisa 41706,prisa ,hurry
carajo 41656,carajo ,fuck
embargo 41642,embargo ,embargo
interesante 41640,interesante ,interesting
tendrás 41583,tendrás ,you will have
escuchar 41472,escuchar ,to listen
abuela 41377,abuela ,grandmother
hicieron 41321,hicieron ,they made
detective 41299,detective ,detective
horrible 41259,horrible ,awful
suelo 41247,suelo ,floor
fotos 41245,fotos ,Photos
cárcel 41152,cárcel ,jail
acá 41151,acá ,here
io 41134,io ,Io
mike 41066,mike ,Mike
siéntate 40993,siéntate ,Sit down
decía 40982,decía ,He said
intentando 40706,intentando ,trying
vámonos 40700,vámonos ,Let's go
maldición 40681,maldición ,curse
silencio 40675,silencio ,silence
muerta 40660,muerta ,dead
capaz 40541,capaz ,able
salió 40377,salió ,he left
club 40360,club ,club
terminar 40338,terminar ,end up
temo 40288,temo ,I fear
broma 40281,broma ,joke
gobierno 40236,gobierno ,government
prometo 40224,prometo ,I promise
cámara 40045,cámara ,camera
media 39998,media ,half
terrible 39993,terrible ,terrible
llamó 39922,llamó ,called
regalo 39903,regalo ,gift
amable 39841,amable ,gentle
dulce 39818,dulce ,candy
muertos 39809,muertos ,dead
querías 39797,querías ,You wanted
ataque 39782,ataque ,stroke
das 39589,das ,you give
navidad 39589,navidad ,Christmas
negocios 39553,negocios ,business
pudiera 39528,pudiera ,could
ocho 39524,ocho ,eight
avión 39484,avión ,airplane
investigación 39465,investigación ,research
acabó 39429,acabó ,just
juro 39329,juro ,I swear
mantener 39327,mantener ,keep
ejército 39290,ejército ,army
papel 39262,papel ,paper
partes 39255,partes ,Parties
ten 39243,ten ,Ten
gracioso 39166,gracioso ,funny
diría 39163,diría ,would say
principio 39155,principio ,beginning
delante 38898,delante ,in front of
teniente 38628,teniente ,lieutenant
deseo 38627,deseo ,desire
vayas 38593,vayas ,go
nave 38459,nave ,ship
sale 38407,sale ,comes out
basura 38280,basura ,trash
vine 38168,vine ,came
contacto 38028,contacto ,Contact
esposo 38011,esposo ,husband
tren 37976,tren ,train
encontramos 37952,encontramos ,we find
dale 37876,dale ,Go ahead
verdadero 37844,verdadero ,TRUE
tuya 37837,tuya ,yours
alma 37824,alma ,soul
hazlo 37804,hazlo ,do it
disculpa 37801,disculpa ,sorry
junto 37794,junto ,together
anda 37779,anda ,walk
tendré 37662,tendré ,I will have
matrimonio 37656,matrimonio ,marriage
saberlo 37540,saberlo ,know
locura 37525,locura ,craziness
oro 37500,oro ,gold
permiso 37465,permiso ,permission
director 37428,director ,director
peligro 37415,peligro ,danger
libertad 37412,libertad ,freedom
alegro 37403,alegro ,glad
baja 37298,baja ,short
tendremos 37262,tendremos ,we will have
derecha 37262,derecha ,right
encuentra 37241,encuentra ,finds
pies 37222,pies ,feet
segunda 37192,segunda ,second
maravilloso 37115,maravilloso ,marvelous
espacio 37114,espacio ,space
rato 37101,rato ,a while
abuelo 37062,abuelo ,grandfather
esperaba 37031,esperaba ,I expected
mirando 37030,mirando ,looking
salud 37016,salud ,health
sorpresa 37012,sorpresa ,surprise
ninguno 37007,ninguno ,none
miren 37000,miren ,Look
triste 36968,triste ,sad
aun 36908,aun ,still
pensado 36904,pensado ,thought-out
maestro 36887,maestro ,teacher
según 36882,según ,according to
infierno 36835,infierno ,hell
podrían 36824,podrían ,could
tipos 36703,tipos ,guys
tía 36607,tía ,aunt
crimen 36579,crimen ,crime
conocido 36564,conocido ,acquaintance
consejo 36446,consejo ,tip
ante 36426,ante ,in view of
iglesia 36300,iglesia ,church